編號,案類,發生日期,發生時段,發生地點
1,機車竊盜,1070104,00~02,臺北市中山區林森北路133巷72弄內
2,機車竊盜,1070104,06~08,臺北市士林區德行東路90巷27弄1~30號
3,機車竊盜,1070105,22~24,臺北市大安區仁愛路3段1~30號
4,機車竊盜,1070106,00~02,臺北市中正區文北里杭州南路1段61~90號
5,機車竊盜,1070107,18~20,臺北市萬華區大理街91~120號
6,機車竊盜,1070113,20~22,臺北市文山區景華里羅斯福路6段(景華街口)
7,機車竊盜,1070114,22~24,臺北市內湖區安泰街45巷1~30號
8,機車竊盜,1070118,16~18,臺北市大同區歸綏街91~120號
9,機車竊盜,1070121,06~08,臺北市大同區重慶北路2段31~60號
10,機車竊盜,1070201,02~04,臺北市北投區福興里石牌路1段1~30號
11,機車竊盜,1070202,10~12,臺北市中山區林森北路271~300號
12,機車竊盜,1070206,04~06,臺北市北投區福興里自強街31~60號
13,機車竊盜,1070207,14~16,臺北市中正區建國里重慶南路1段126巷(北側路邊停車格)
14,機車竊盜,1070208,04~06,臺北市北投區福興里自強街31巷61~90號
15,機車竊盜,1070209,18~20,臺北市士林區社子街125巷1~30號
16,機車竊盜,1070218,08~10,臺北市萬華區德昌街1~30號
17,機車竊盜,1070218,16~18,臺北市中正區永功里中華路2段451~480號
18,機車竊盜,1070221,22~24,臺北市大同區平陽街31~60號
19,機車竊盜,1070222,06~08,臺北市松山區東興路1~30號
20,機車竊盜,1070225,00~02,臺北市內湖區新明路351巷與新明路口
21,機車竊盜,1070302,06~08,臺北市大安區學府里基隆路4段73巷
22,機車竊盜,1070302,12~14,臺北市文山區明義里020鄰興隆路4段105巷31~60號
23,機車竊盜,1070303,14~16,臺北市內湖區康寧路3段54巷1~30號
24,機車竊盜,1070306,00~02,臺北市北投區尊賢里實踐街1~30號
25,機車竊盜,1070312,12~14,臺北市中正區汀洲路
26,機車竊盜,1070316,08~10,臺北市大安區仁愛里復興南路1段177巷
27,機車竊盜,1070318,18~20,臺北市大安區通化里通化街61~90號
28,機車竊盜,1070319,10~12,臺北市士林區三玉里忠誠路2段10巷1~30號
29,機車竊盜,1070319,20~22,臺北市大同區民權西路(與重慶北路口)
30,機車竊盜,1070323,18~20,臺北市大同區南京西路181~210號
31,機車竊盜,1070325,00~02,臺北市萬華區貴陽街2段91~120號
32,機車竊盜,1070325,04~06,臺北市中正區光復里漢口街1段91~120號
33,機車竊盜,1070329,10~12,臺北市大安區永康里愛國東路79巷
34,機車竊盜,1070331,08~10,臺北市信義區松山路391~420號
35,機車竊盜,1070402,18~20,臺北市北投區永欣里石牌路2段181~210號
36,機車竊盜,1070406,14~16,臺北市大安區建倫里敦化南路1段211~240號
37,機車竊盜,1070410,14~16,臺北市中山區松江路121~150號
38,機車竊盜,1070411,12~14,臺北市大同區重慶北路3段296巷(迪化街2段)
39,機車竊盜,1070415,04~06,臺北市松山區南京東路5段291巷19弄
40,機車竊盜,1070416,16~18,臺北市中山區敬業四路與樂群二路口(報案在破獲之後)
41,機車竊盜,1070416,20~22,臺北市內湖區新湖三路與民善街口
42,機車竊盜,1070418,04~06,臺北市大同區承德路3段122巷1~30號
43,機車竊盜,1070418,06~08,臺北市大同區甘州街與歸綏街口
44,機車竊盜,1070418,14~16,臺北市大安區忠孝東路3段217巷1弄1~30號
45,機車竊盜,1070420,06~08,臺北市北投區文林里文林北路61~90號
46,機車竊盜,1070420,16~18,臺北市文山區萬美里007鄰萬芳路1~30號
47,機車竊盜,1070421,10~12,臺北市大安區古莊里羅斯福路與浦城街口
48,機車竊盜,1070425,10~12,臺北市中正區文盛里羅斯福路3段211~240號
49,機車竊盜,1070428,10~12,臺北市信義區永春里中坡北路37巷1~30號
50,機車竊盜,1070501,04~06,臺北市松山區復興北路151~180號
51,機車竊盜,1070502,22~24,臺北市南港區忠孝東路6段421~450號
52,機車竊盜,1070505,06~08,臺北市中山區民權東路2段92巷口
53,機車竊盜,1070507,12~14,臺北市文山區萬盛里羅斯福路5段97巷1~30號
54,機車竊盜,1070508,12~14,臺北市大同區迪化街1段271~300號
55,機車竊盜,1070510,04~06,臺北市信義區安康里松勇路69巷1~30號
56,機車竊盜,1070510,12~14,臺北市松山區南京東路5段(南京三民捷運站旁)
57,機車竊盜,1070512,18~20,臺北市內湖區新湖一路36巷1~30號
58,機車竊盜,1070513,06~08,臺北市文山區羅斯福路5段121~150號
59,機車竊盜,1070514,22~24,臺北市士林區前港街110巷1~30號
60,機車竊盜,1070516,00~02,臺北市南港區成福路31~60號
61,機車竊盜,1070516,20~22,臺北市中正區北平西路1~30號
62,機車竊盜,1070516,22~24,臺北市文山區木柵里022鄰秀明路1段31~60號
63,機車竊盜,1070518,02~04,臺北市信義區富陽街72巷
64,機車竊盜,1070520,16~18,臺北市松山區八德路4段301~330號
65,機車竊盜,1070525,22~24,臺北市萬華區西園路2段372巷31~60號
66,機車竊盜,1070526,02~04,臺北市中山區新生北路2段60巷﹑長春路61巷口
67,機車竊盜,1070526,20~22,臺北市大同區民權西路160巷30弄
68,機車竊盜,1070527,08~10,臺北市文山區景行里車前路1~30號
69,機車竊盜,1070527,12~14,臺北市士林區福德路1~30號
70,機車竊盜,1070527,16~18,臺北市萬華區萬大路486巷59弄1~30號
71,機車竊盜,1070527,22~24,臺北市松山區八德路4段451~480號
72,機車竊盜,1070530,16~18,臺北市信義區大道里忠孝東路5段790巷20弄1~30號
73,機車竊盜,1070531,04~06,臺北市內湖區成功路4段324巷1弄1~30號
74,機車竊盜,1070601,22~24,臺北市南港區玉成里八德路4段768巷1~30號
75,機車竊盜,1070605,00~02,臺北市萬華區環河南路2段241~270號
76,機車竊盜,1070607,06~08,臺北市中山區建國北路2段258巷1~30號
77,機車竊盜,1070612,10~12,臺北市內湖區內湖路1段715巷
78,機車竊盜,1070616,02~04,臺北市大同區雙連街1巷1~30號
79,機車竊盜,1070616,18~20,臺北市大同區承德路3段129巷1~30號
80,機車竊盜,1070617,16~18,臺北市中山區中原街31~60號
81,機車竊盜,1070617,18~20,臺北市中山區吉林路236巷1~30號
82,機車竊盜,1070624,04~06,臺北市中正區水源里思源街1~30號
83,機車竊盜,1070624,08~10,臺北市北投區清江里崇仁路1段61~90號
84,機車竊盜,1070625,04~06,臺北市萬華區廣州街181~210號
85,機車竊盜,1070628,04~06,臺北市大安區通化里光復南路628巷
86,機車竊盜,1070628,22~24,臺北市文山區景仁里羅斯福路6段31~60號
87,機車竊盜,1070701,04~06,臺北市大安區仁愛里復興南路1段177巷
88,機車竊盜,1070704,00~02,臺北市內湖區康樂街151巷內
89,機車竊盜,1070705,04~06,臺北市北投區中庸里大業路691~720號
90,機車竊盜,1070705,12~14,臺北市北投區八仙里崇仁路1段(與三合街2段口)
91,機車竊盜,1070705,14~16,臺北市大同區民族西路225巷1~30號
92,機車竊盜,1070706,00~02,臺北市大安區通化里通化街19巷6弄
93,機車竊盜,1070710,04~06,臺北市大同區迪化街2段301~330號
94,機車竊盜,1070711,16~18,臺北市內湖區成功路4段324巷口
95,機車竊盜,1070712,08~10,臺北市中山區建國北路3段81巷1~30號
96,機車竊盜,1070712,08~10,臺北市中山區建國北路3段81巷1~30號
97,機車竊盜,1070713,08~10,臺北市中山區建國北路3段81巷1~30號
98,機車竊盜,1070714,18~20,臺北市中山區林森北路421~450號
99,機車竊盜,1070715,14~16,臺北市內湖區港墘里港墘路31~60號
100,機車竊盜,1070716,08~10,臺北市大同區迪化街2段301~330號
101,機車竊盜,1070720,06~08,臺北市中山區合江街36巷31~60號
102,機車竊盜,1070721,00~02,臺北市大安區敦安里安和路1段112巷1~30號
103,機車竊盜,1070723,22~24,臺北市大安區通化里通化街39巷49弄1~30號
104,機車竊盜,1070724,06~08,臺北市萬華區環河南路2段241~270號
105,機車竊盜,1070726,00~02,臺北市萬華區中華路2段364巷22弄(口處)
106,機車竊盜,1070726,14~16,臺北市信義區吳興街
107,機車竊盜,1070727,10~12,臺北市文山區順興里007鄰木新路2段241~270號
108,機車竊盜,1070727,16~18,臺北市萬華區西園路2段271~300號
109,機車竊盜,1070728,02~04,臺北市南港區新富里研究院路1段2巷1~30號
110,機車竊盜,1070728,06~08,臺北市文山區樟新里011鄰木新路3段301~330號
111,機車竊盜,1070728,10~12,臺北市中正區文盛里羅斯福路4段12巷(內)
112,機車竊盜,1070729,04~06,臺北市大安區延吉街131巷1弄31~60號
113,機車竊盜,1070801,14~16,臺北市大同區承德路1段1~30號
114,機車竊盜,1070802,06~08,臺北市士林區蘭雅里中山北路6段290巷7弄
115,機車竊盜,1070802,18~20,臺北市信義區四維里虎林街70巷31~60號
116,機車竊盜,1070803,22~24,臺北市中山區松江路431巷1~30號
117,機車竊盜,1070804,02~04,臺北市萬華區環河南路2段125巷1~30號
118,機車竊盜,1070807,14~16,臺北市信義區富台里忠孝東路5段1~30號
119,機車竊盜,1070808,16~18,臺北市大同區西寧北路61~90號
120,機車竊盜,1070809,02~04,臺北市松山區八德路3段158巷20弄1~30號
121,機車竊盜,1070809,14~16,臺北市萬華區富民路145巷15弄1~30號
122,機車竊盜,1070809,18~20,臺北市士林區富光里葫蘆街61~90號
123,機車竊盜,1070810,16~18,臺北市大安區錦華里潮州街26巷1~30號
124,機車竊盜,1070810,22~24,臺北市大安區法治里通化街171巷30弄1~30號
125,機車竊盜,1070811,18~20,臺北市大同區長安西路172巷
126,機車竊盜,1070812,06~08,臺北市信義區虎林街101巷1~30號
127,機車竊盜,1070813,00~02,臺北市中正區忠勤里中華路2段315巷1~30號
128,機車竊盜,1070816,04~06,臺北市萬華區雙園街61~90號
129,機車竊盜,1070816,04~06,臺北市萬華區大理街160巷19弄31~60號
130,機車竊盜,1070816,04~06,臺北市大安區芳和里和平東路3段212巷31~60號
131,機車竊盜,1070816,04~06,臺北市大安區住安里信義路4段30巷27弄1~30號
132,機車竊盜,1070818,08~10,臺北市大安區臨江街40巷1~30號
133,機車竊盜,1070818,10~12,臺北市中山區中山北路2段77巷1~30號
134,機車竊盜,1070820,04~06,臺北市信義區臺鐵松山車站西邊機車停車場
135,機車竊盜,1070822,06~08,臺北市中山區新生北路3段1~30號
136,機車竊盜,1070822,08~10,臺北市中正區黎明里南陽街1~30號
137,機車竊盜,1070824,04~06,臺北市大安區龍坡里泰順街31~60號
138,機車竊盜,1070824,06~08,臺北市文山區萬美里010鄰萬美街1段91~120號
139,機車竊盜,1070826,10~12,臺北市大同區太原路91~120號
140,機車竊盜,1070826,16~18,臺北市松山區南京東路4段75巷1~30號
141,機車竊盜,1070827,02~04,臺北市萬華區民和街31~60號
142,機車竊盜,1070831,12~14,臺北市大安區學府里羅斯福路4段1~30號
143,機車竊盜,1070831,12~14,臺北市大安區群賢里復興南路2段171巷1~30號
144,機車竊盜,1070901,00~02,臺北市中山區南大路(靠近青草湖)
145,機車竊盜,1070901,16~18,臺北市萬華區環河南路2段181~210號
146,機車竊盜,1070903,22~24,臺北市大同區太原路133巷1~30號
147,機車竊盜,1070905,02~04,臺北市士林區通河東路2段20巷
148,機車竊盜,1070905,12~14,臺北市信義區松仁路202巷2弄31~60號
149,機車竊盜,1070905,12~14,臺北市信義區六合里松仁路202巷2弄31~60號
150,機車竊盜,1070906,20~22,臺北市中山區民生東路1段23巷1~30號
151,機車竊盜,1070907,00~02,臺北市文山區萬芳里009鄰萬安街121~150號
152,機車竊盜,1070908,08~10,臺北市松山區八德路4段106巷6弄1~30號
153,機車竊盜,1070910,22~24,臺北市信義區黎安里和平東路3段509巷31~60號
154,機車竊盜,1070912,06~08,臺北市大同區哈密街91~120號
155,機車竊盜,1070914,16~18,臺北市士林區通河街91~120號
156,機車竊盜,1070919,16~18,臺北市北投區中央里中央南路1段181~210號
157,機車竊盜,1070919,22~24,臺北市萬華區(萬大路與富民路口)
158,機車竊盜,1070920,22~24,臺北市中山區新生北路2段31~60號
159,機車竊盜,1070923,14~16,臺北市萬華區和平西路3段361~390號
160,機車竊盜,1070925,18~20,臺北市內湖區瑞光路66巷口
161,機車竊盜,1070926,16~18,臺北市松山區寧安街7巷1~30號
162,機車竊盜,1070928,04~06,臺北市信義區中行里福德街301~330號
163,機車竊盜,1071002,20~22,臺北市中山區新生北路3段55巷停車格
164,機車竊盜,1071003,00~02,臺北市大同區鄭州路121~150號
165,機車竊盜,1071004,04~06,臺北市文山區萬祥里羅斯福路5段211巷26弄1~30號
166,機車竊盜,1071004,20~22,臺北市松山區八德路4段451~480號
167,機車竊盜,1071006,22~24,臺北市北投區中央北路4段511~540號
168,機車竊盜,1071009,12~14,臺北市文山區興得里興隆路3段192巷8弄1~30號
169,機車竊盜,1071010,08~10,臺北市大安區通化里通化街39巷49弄1~30號
170,機車竊盜,1071010,08~10,臺北市中山區林森北路485巷內
171,機車竊盜,1071012,10~12,臺北市大同區重慶北路3段151~180號
172,機車竊盜,1071015,14~16,臺北市中山區林森北路241~270號
173,機車竊盜,1071016,00~02,臺北市信義區正和里光復南路419巷1~30號
174,機車竊盜,1071020,16~18,臺北市松山區光復南路31~60號
175,機車竊盜,1071022,00~02,臺北市中山區新生北路3段82巷1~30號
176,機車竊盜,1071025,06~08,臺北市大同區重慶北路1段83巷1~30號
177,機車竊盜,1071026,00~02,臺北市信義區中行里中坡南路271~300號
178,機車竊盜,1071028,18~20,臺北市萬華區康定路361~390號
179,機車竊盜,1071031,04~06,臺北市中山區錦州街301~330號
180,機車竊盜,1071101,00~02,臺北市萬華區西藏路181~210號
181,機車竊盜,1071101,10~12,臺北市中山區南京東路2段121~150號
182,機車竊盜,1071102,10~12,臺北市北投區洲美路271~300號
183,機車竊盜,1071102,14~16,臺北市中山區民權西路10巷1~30號
184,機車竊盜,1071104,02~04,臺北市大同區重慶北路3段271~300號
185,機車竊盜,1071108,18~20,臺北市中正區襄陽路1~30號
186,機車竊盜,1071110,20~22,臺北市信義區忠孝東路5段790巷68弄1~30號
187,機車竊盜,1071112,08~10,臺北市大同區酒泉街121~150號
188,機車竊盜,1071112,16~18,臺北市萬華區環河南路2段280巷1~30號
189,機車竊盜,1071113,00~02,"臺北市中正區市民大道2段?臺北車站M2出口機車停車"""
190,機車竊盜,1071113,12~14,臺北市北投區榮光里石牌路1段121~150號
191,機車竊盜,1071114,16~18,臺北市中山區濱江街180巷1~30號
192,機車竊盜,1071116,04~06,臺北市信義區景新里吳興街269巷18弄1~30號
193,機車竊盜,1071118,02~04,臺北市信義區信義路6段76巷8弄1~30號
194,機車竊盜,1071118,06~08,臺北市信義區福德街165巷1~30號
195,機車竊盜,1071119,12~14,臺北市萬華區木柵路4段121~150號
196,機車竊盜,1071121,20~22,臺北市萬華區長泰街76巷1~30號
197,機車竊盜,1071122,06~08,臺北市中山區林森北路399巷1~30號
198,機車竊盜,1071124,10~12,臺北市中正區文盛里羅斯福路3段211~240號
199,機車竊盜,1071125,02~04,臺北市大同區民權西路292巷1~30號
200,機車竊盜,1071129,06~08,臺北市信義區虎林街31~60號
201,機車竊盜,1071201,18~20,臺北市中山區農安街241~270號
202,機車竊盜,1071207,20~22,臺北市大同區哈密街23巷1~30號
203,機車竊盜,1071207,22~24,臺北市大安區敦煌里安和路1段127巷1~30號
204,機車竊盜,1071208,16~18,臺北市大同區迪化街2段364巷1~30號
205,機車竊盜,1071211,18~20,臺北市中正區水源里汀州路三段與羅斯福路四段196巷口(人行
206,機車竊盜,1071212,16~18,臺北市大安區群賢里四維路182巷
207,機車竊盜,1071216,06~08,臺北市信義區信義路5段150巷481~510號
208,機車竊盜,1071219,02~04,臺北市大安區忠孝東路4段61~90號
209,機車竊盜,1071219,08~10,臺北市大同區重慶北路3段211~240號
210,機車竊盜,1071220,22~24,臺北市內湖區舊宗路1段121~150號
211,機車竊盜,1071220,22~24,臺北市大同區重慶北路3段223巷1~30號
212,機車竊盜,1071222,06~08,臺北市大同區環河北路1段421~450號
213,機車竊盜,1071223,22~24,臺北市萬華區萬青街31~60號
214,機車竊盜,1071225,02~04,臺北市北投區豐年里中央北路2段121~150號
215,機車竊盜,1071225,02~04,臺北市北投區中心里泉源路1~30號
216,機車竊盜,1071227,12~14,臺北市士林區德行東路181~210號
217,機車竊盜,1071229,18~20,臺北市萬華區漢口街2段31~60號
218,機車竊盜,1071231,02~04,臺北市萬華區內江街1~30號
219,機車竊盜,1071231,10~12,臺北市大同區承德路3段271~300號
220,機車竊盜,1080104,14~16,臺北市北投區長安里中央北路1段1~30號
221,機車竊盜,1080110,22~24,臺北市中正區南福里南昌路1段121~150號
222,機車竊盜,1080111,10~12,臺北市中正區南福里南昌路1段125巷(口)
223,機車竊盜,1080111,12~14,臺北市萬華區昆明街91~120號
224,機車竊盜,1080113,08~10,臺北市萬華區內江街與西寧南路口
225,機車竊盜,1080113,10~12,臺北市萬華區武昌街2段82巷
226,機車竊盜,1080114,22~24,臺北市萬華區昆明街91~120號
227,機車竊盜,1080116,20~22,臺北市萬華區成都路105巷1~30號
228,機車竊盜,1080116,22~24,臺北市萬華區武昌街2段91~120號
229,機車竊盜,1080120,10~12,臺北市信義區敦厚里松隆路9巷1~30號
230,機車竊盜,1080120,12~14,臺北市北投區豐年里中央北路2段271~300號
231,機車竊盜,1080120,14~16,臺北市大同區歸綏街211~240號
232,機車竊盜,1080121,20~22,臺北市萬華區西寧南路1~30號
233,機車竊盜,1080127,04~06,臺北市大同區長安西路78巷4弄1~30號
234,機車竊盜,1080201,16~18,臺北市信義區興雅里忠孝東路5段151~180號
235,機車竊盜,1080206,20~22,臺北市信義區三犁里信義路5段151巷151~180號
236,機車竊盜,1080209,14~16,臺北市萬華區三水街61~90號
237,機車竊盜,1080212,02~04,臺北市萬華區康定路287巷31~60號
238,機車竊盜,1080213,12~14,臺北市北投區一德里立德路1~30號
239,機車竊盜,1080215,10~12,臺北市文山區萬芳里010鄰萬安街21巷1~30號
240,機車竊盜,1080218,02~04,臺北市北投區吉利里致遠二路95巷31~60號
241,機車竊盜,1080224,20~22,臺北市北投區立賢里尊賢街243巷1~30號
242,機車竊盜,1080228,18~20,臺北市內湖區南京東路6段451~480號
243,機車竊盜,1080304,10~12,臺北市北投區建民里文林北路31~60號
244,機車竊盜,1080306,00~02,臺北市北投區東華里東華街2段174巷1~30號
245,機車竊盜,1080306,12~14,臺北市萬華區東園街181~210號
246,機車竊盜,1080310,20~22,臺北市北投區永明里石牌路2段99巷31~60號
247,機車竊盜,1080323,02~04,臺北市萬華區桂林路151~180號
248,機車竊盜,1080323,18~20,臺北市萬華區艋舺大道275巷1~30號
249,機車竊盜,1080324,18~20,臺北市中正區東門里信義路1段1~30號
250,機車竊盜,1080325,08~10,臺北市萬華區環河南路3段241~270號
251,機車竊盜,1080325,20~22,臺北市北投區中央南路2段61~90號
252,機車竊盜,1080326,10~12,臺北市北投區尊賢里尊賢街264巷1~30號
253,機車竊盜,1080331,06~08,臺北市中山區林森北路85巷口
254,機車竊盜,1080403,08~10,臺北市內湖區文湖街1~30號
255,機車竊盜,1080405,22~24,臺北市中正區中山北路(忠孝東路東北角)
256,機車竊盜,1080406,00~02,臺北市萬華區西昌街181~210號
257,機車竊盜,1080410,02~04,臺北市松山區民族東路631~660號
258,機車竊盜,1080410,08~10,臺北市士林區東山里德行東路331巷54弄1~30號
259,機車竊盜,1080412,10~12,臺北市信義區松山路151~180號
260,機車竊盜,1080425,06~08,臺北市文山區萬興里009鄰指南路2段61~90號
261,機車竊盜,1080428,12~14,臺北市萬華區中華路2段606巷(人行道)
262,機車竊盜,1080429,00~02,臺北市萬華區和平西路3段331~360號
263,機車竊盜,1080502,10~12,臺北市萬華區桂林路91~120號
264,機車竊盜,1080505,16~18,臺北市北投區開明里復興一路31~60號
265,機車竊盜,1080526,04~06,臺北市南港區新光里忠孝東路7段265巷(口)
266,機車竊盜,1080526,18~20,臺北市信義區三張里松仁路202巷1~30號
267,機車竊盜,1080529,14~16,臺北市北投區林泉里溫泉路121~150號
268,機車竊盜,1080530,20~22,臺北市士林區福佳里美崙街86巷1~30號
269,機車竊盜,1080530,22~24,臺北市士林區福佳里文昌路91~120號
270,機車竊盜,1080531,06~08,臺北市大同區重慶北路2段97巷31~60號
271,機車竊盜,1080601,18~20,臺北市士林區福德路1~30號
272,機車竊盜,1080606,18~20,臺北市大同區民生西路301~330號
273,機車竊盜,1080609,12~14,臺北市北投區吉利里石牌路1段39巷151~180號
274,機車竊盜,1080610,22~24,臺北市信義區景聯里吳興街31~60號
275,機車竊盜,1080611,12~14,臺北市士林區葫蘆里中正路631~660號
276,機車竊盜,1080612,22~24,臺北市南港區南港里興中路61~90號
277,機車竊盜,1080613,06~08,臺北市信義區五全里永吉路278巷58弄1~30號
278,機車竊盜,1080616,02~04,臺北市萬華區和平西路3段331~360號
279,機車竊盜,1080616,02~04,臺北市信義區黎順里崇德街31~60號
280,機車竊盜,1080616,06~08,臺北市大同區太原路61~90號
281,機車竊盜,1080617,02~04,臺北市大同區延平北路2段61巷1~30號
282,機車竊盜,1080618,00~02,臺北市大同區鄭州路121~150號
283,機車竊盜,1080618,02~04,臺北市大同區承德路3段85巷
284,機車竊盜,1080618,10~12,臺北市士林區葫蘆里中正路631~660號
285,機車竊盜,1080618,10~12,臺北市文山區萬興里015鄰指南路2段45巷8弄1~30號
286,機車竊盜,1080619,18~20,臺北市內湖區民權東路6段180巷77弄1~30號
287,機車竊盜,1080621,14~16,臺北市北投區文林路181~210號
288,機車竊盜,1080621,22~24,臺北市南港區舊莊里舊莊街1段181~210號
289,機車竊盜,1080622,04~06,臺北市萬華區廣州街211~240號
290,機車竊盜,1080622,16~18,臺北市內湖區東湖路113巷49弄121~150號
291,機車竊盜,1080625,22~24,臺北市大同區民權西路91~120號
292,機車竊盜,1080626,02~04,臺北市中正區廈安里中華路2段121~150號
293,機車竊盜,1080628,20~22,臺北市士林區葫蘆里中正路635巷1~30號
294,機車竊盜,1080703,20~22,臺北市大同區民族西路252巷(大同公園旁機車停車格)
295,機車竊盜,1080705,20~22,臺北市文山區興光里興隆路3段151~180號
296,機車竊盜,1080710,00~02,臺北市內湖區康寧路3段189巷31~60號
297,機車竊盜,1080710,14~16,臺北市中正區中山南路1~30號
298,機車竊盜,1080711,04~06,臺北市中山區中山區林森北路與民權東路口(西北角)
299,機車竊盜,1080711,16~18,臺北市士林區福林里中山北路5段190巷
300,機車竊盜,1080714,00~02,臺北市士林區仁勇里大北路31~60號
301,機車竊盜,1080716,04~06,臺北市信義區松光里忠孝東路5段492巷
302,機車竊盜,1080716,12~14,臺北市士林區福順里延平北路5段121~150號
303,機車竊盜,1080716,14~16,臺北市士林區舊佳里前街21巷
304,機車竊盜,1080716,14~16,臺北市南港區鴻福里玉成街201巷2弄1~30號
305,機車竊盜,1080716,22~24,臺北市士林區新光醫院路
306,機車竊盜,1080717,10~12,臺北市文山區興家里興隆路3段241~270號
307,機車竊盜,1080718,00~02,臺北市士林區通河東街1段200巷
308,機車竊盜,1080720,06~08,臺北市中山區錦州街4巷內
309,機車竊盜,1080720,16~18,臺北市中山區敬業四路
310,機車竊盜,1080725,04~06,臺北市大安區黎元里安居街61~90號
311,機車竊盜,1080726,00~02,臺北市信義區黎平里和平東路3段391巷8弄31~60號
312,機車竊盜,1080727,08~10,臺北市南港區成福里成福路171巷40弄1~30號
313,機車竊盜,1080727,12~14,臺北市中正區忠勤里西藏路1~30號
314,機車竊盜,1080730,08~10,臺北市大同區南京西路18巷1~30號
315,機車竊盜,1080801,18~20,臺北市士林區三玉里忠誠路2段21巷45弄1~30號
316,機車竊盜,1080803,00~02,臺北市信義區黎平里富陽街55巷1~30號
317,機車竊盜,1080803,02~04,臺北市萬華區昆明街31~60號
318,機車竊盜,1080805,18~20,臺北市南港區中南里忠孝東路7段415巷(內)
319,機車竊盜,1080808,08~10,臺北市內湖區康樂街72巷17弄31~60號
320,機車竊盜,1080808,22~24,臺北市內湖區成功路4段331~360號
321,機車竊盜,1080809,16~18,臺北市中山區中山區民生西路3巷內(馬偕醫院停車場處附
322,機車竊盜,1080809,16~18,臺北市萬華區國興路1巷1~30號
323,機車竊盜,1080810,06~08,臺北市文山區興業里辛亥路5段31~60號
324,機車竊盜,1080810,10~12,臺北市北投區關渡里知行路361~390號
325,機車竊盜,1080810,20~22,臺北市大安區信義路4段186巷
326,機車竊盜,1080811,00~02,臺北市信義區虎林街242巷1~30號
327,機車竊盜,1080811,16~18,臺北市中山區五股區工商路1~30號
328,機車竊盜,1080812,20~22,臺北市大同區承德路1段與太原路115巷口
329,機車竊盜,1080813,02~04,臺北市信義區松隆路1~30號
330,機車竊盜,1080813,02~04,臺北市信義區中坡南路162巷1~30號
331,機車竊盜,1080813,02~04,臺北市信義區福德街31~60號
332,機車竊盜,1080813,02~04,臺北市信義區松隆路1~30號
333,機車竊盜,1080813,12~14,臺北市信義區五全里永吉路278巷57弄1~30號
334,機車竊盜,1080813,18~20,臺北市中正區中山北路1段
335,機車竊盜,1080815,16~18,臺北市萬華區西園路2段241~270號
336,機車竊盜,1080816,02~04,臺北市大同區民樂街121~150號
337,機車竊盜,1080817,12~14,臺北市大同區南京西路167巷1~30號
338,機車竊盜,1080822,16~18,臺北市士林區百齡里福港街259巷13弄1~30號
339,機車竊盜,1080822,18~20,臺北市內湖區康寧路3段189巷93弄1~30號
340,機車竊盜,1080823,14~16,臺北市北投區裕民里8鄰東華街1段418巷1~30號
341,機車竊盜,1080823,22~24,臺北市士林區義信里大東路1~30號
342,機車竊盜,1080824,08~10,臺北市中山區松江路204巷1~30號
343,機車竊盜,1080824,08~10,臺北市萬華區萬大路571~600號
344,機車竊盜,1080824,18~20,臺北市南港區合成里忠孝東路6段271~300號
345,機車竊盜,1080826,00~02,臺北市北投區大度路1段151~180號
346,機車竊盜,1080826,04~06,臺北市萬華區成都路1~30號
347,機車竊盜,1080828,16~18,臺北市南港區南港里南港路1段277巷
348,機車竊盜,1080829,22~24,臺北市信義區松山路301~330號
349,機車竊盜,1080830,04~06,臺北市中正區幸市里新生南路1段31~60號
350,機車竊盜,1080831,06~08,臺北市文山區興得里辛亥路5段1~30號
351,機車竊盜,1080902,12~14,臺北市中正區東門里金山南路1段121~150號
352,機車竊盜,1080903,20~22,臺北市大安區華聲里光復南路200巷1~30號
353,機車竊盜,1080908,14~16,臺北市文山區木柵里019鄰秀明路1段185巷34弄1~30號
354,機車竊盜,1080908,16~18,臺北市萬華區和平西路3段1~30號
355,機車竊盜,1080908,20~22,臺北市大同區民權西路211~240號
356,機車竊盜,1080917,16~18,臺北市北投區一德里中央北路4段(與學園路口)
357,機車竊盜,1080921,08~10,臺北市萬華區萬大路481~510號
358,機車竊盜,1080924,10~12,臺北市中正區南福里羅斯福路2段31~60號
359,機車竊盜,1080925,04~06,臺北市北投區裕民里懷德街31~60號
360,機車竊盜,1080926,22~24,臺北市中山區鄧公路31巷1~30號
361,機車竊盜,1080929,02~04,臺北市信義區和平東路3段571~600號
362,機車竊盜,1081001,22~24,臺北市萬華區(西園路與廣州街口)
363,機車竊盜,1081002,18~20,臺北市北投區關渡里知行路225巷1~30號
364,機車竊盜,1081005,08~10,臺北市士林區中正路635巷
365,機車竊盜,1081006,16~18,臺北市中正區博愛路1~30號
366,機車竊盜,1081009,02~04,臺北市萬華區(洛陽停車場環河南路一段出口旁人行道上)
367,機車竊盜,1081009,12~14,臺北市文山區羅斯福路5段218巷1~30號
368,機車竊盜,1081010,08~10,臺北市文山區萬年里公館街31~60號
369,機車竊盜,1081012,08~10,臺北市中山區林森北路271~300號
370,機車竊盜,1081019,02~04,臺北市中正區建國里博愛路160巷
371,機車竊盜,1081023,22~24,臺北市士林區福佳里文昌路91~120號
372,機車竊盜,1081024,22~24,臺北市中正區建國里寶慶路31~60號
373,機車竊盜,1081025,20~22,臺北市萬華區長順街46巷31~60號
374,機車竊盜,1081026,00~02,臺北市文山區興泰里興隆路2段271~300號
375,機車竊盜,1081028,00~02,臺北市士林區大西路61~90號
376,機車竊盜,1081029,04~06,臺北市萬華區漢口街二段31~60號
377,機車竊盜,1081029,14~16,臺北市大安區長安西路271~300號
378,機車竊盜,1081030,16~18,臺北市士林區岩山里忠義街71巷1~30號
379,機車竊盜,1081031,18~20,臺北市中山區錦西街1~30號
380,機車竊盜,1081103,04~06,臺北市大同區延平北路3段91~120號
381,機車竊盜,1081103,18~20,臺北市中山區民生東路1段27巷1~30號
382,機車竊盜,1081104,00~02,臺北市萬華區中興橋機車引道下橋處
383,機車竊盜,1081108,00~02,臺北市士林區福華里和豐街31~60號
384,機車竊盜,1081108,14~16,臺北市中山區民族東路410巷1~30號
385,機車竊盜,1081116,02~04,臺北市南港區合成里市民大道7段181~210號
386,機車竊盜,1081117,06~08,臺北市北投區一德里中央北路4段583巷11弄1~30號
387,機車竊盜,1081118,00~02,臺北市南港區忠孝東路6段451~480號
388,機車竊盜,1081120,14~16,臺北市大安區市民大道3段301~330號
389,機車竊盜,1081120,20~22,臺北市萬華區長沙街2段91~120號
390,機車竊盜,1081123,14~16,臺北市松山區南京東路5段23巷
391,機車竊盜,1081126,10~12,臺北市信義區吳興街260巷
392,機車竊盜,1081128,02~04,臺北市南港區合成里忠孝東路6段225巷1弄1~30號
393,機車竊盜,1081128,06~08,臺北市南港區合成里市民大道7段181~210號
394,機車竊盜,1081208,22~24,臺北市大同區鄭州路143巷
395,機車竊盜,1081211,04~06,臺北市士林區德行東路109巷64弄
396,機車竊盜,1081211,16~18,臺北市南港區南港路3段181~210號
397,機車竊盜,1081211,16~18,臺北市北投區中央南路1段91~120號
398,機車竊盜,1081218,18~20,臺北市士林區聖山里德行東路190巷2弄1~30號
399,機車竊盜,1081218,18~20,臺北市士林區芝山里士東路241~270號
400,機車竊盜,1081219,00~02,臺北市信義區忠孝東路5段(松山路口)
401,機車竊盜,1081224,22~24,臺北市中正區建國里(中華路一段與貴陽街一段口)
402,機車竊盜,1081227,18~20,臺北市士林區福林里中山北路5段505巷31~60號
403,機車竊盜,1081229,02~04,臺北市大同區民生西路61~90號
404,機車竊盜,1081231,04~06,臺北市信義區永吉路68巷
405,機車竊盜,1090105,02~04,臺北市信義區基隆路1段37巷1~30號
406,機車竊盜,1090105,12~14,臺北市北投區東華里致遠三路91~120號
407,機車竊盜,1090106,18~20,臺北市文山區興家里興隆路3段185巷11弄1~30號
408,機車竊盜,1090106,20~22,臺北市北投區開明里中和街301~330號
409,機車竊盜,1090113,22~24,臺北市中正區幸市里忠孝東路2段121~150號
410,機車竊盜,1090114,10~12,臺北市中正區建國里衡陽路61~90號
411,機車竊盜,1090122,22~24,臺北市大安區光武里大安路1段31巷1~30號
412,機車竊盜,1090125,02~04,臺北市北投區中庸里大同街301~330號
413,機車竊盜,1090129,08~10,臺北市萬華區貴陽街2段121~150號
414,機車竊盜,1090129,12~14,臺北市北投區榮華里明德路150巷31~60號
415,機車竊盜,1090130,06~08,臺北市萬華區環河南路2段250巷25弄1~30號
416,機車竊盜,1090130,12~14,臺北市中山區錦西街1~30號
417,機車竊盜,1090202,00~02,臺北市萬華區和平西路3段361~390號
418,機車竊盜,1090202,20~22,臺北市大安區忠孝東路4段331~360號
419,機車竊盜,1090203,08~10,臺北市士林區福佳里文昌路91~120號
420,機車竊盜,1090204,08~10,臺北市北投區福興里自強街1~30號
421,機車竊盜,1090204,14~16,臺北市北投區大同里北投路2段1~30號
422,機車竊盜,1090205,00~02,臺北市大安區通化街211~240號
423,機車竊盜,1090208,22~24,臺北市士林區福佳里文昌路31~60號
424,機車竊盜,1090209,02~04,臺北市中山區中原街91~120號
425,機車竊盜,1090209,02~04,臺北市大安區中原街91~120號
426,機車竊盜,1090210,00~02,臺北市北投區中央北路1段151~180號
427,機車竊盜,1090210,22~24,臺北市士林區前港里後港路197巷1~30號
428,機車竊盜,1090211,02~04,臺北市士林區義信里大西路1~30號
429,機車竊盜,1090211,10~12,臺北市士林區福佳里文昌路91~120號
430,機車竊盜,1090212,22~24,臺北市萬華區昆明街121~150號
431,機車竊盜,1090214,22~24,臺北市大安區和安里建國南路1段291巷1~30號
432,機車竊盜,1090221,12~14,臺北市士林區福佳里基河路361~390號
433,機車竊盜,1090222,14~16,臺北市北投區中央北路2段301~330號
434,機車竊盜,1090224,02~04,臺北市大安區忠孝東路四段91~120號
435,機車竊盜,1090224,04~06,臺北市大同區民族西路187巷1~30號
436,機車竊盜,1090225,00~02,臺北市萬華區成都路31~60號
437,機車竊盜,1090226,22~24,臺北市中正區北平西路1~30號
438,機車竊盜,1090227,22~24,臺北市大同區南京西路64巷10弄
439,機車竊盜,1090228,14~16,臺北市內湖區江南街71巷16弄31~60號
440,機車竊盜,1090229,08~10,臺北市士林區福志里福志路52巷1~30號
441,機車竊盜,1090229,22~24,臺北市萬華區武昌街2段121~150號
442,機車竊盜,1090301,12~14,臺北市大安區四維路228巷1~30號
443,機車竊盜,1090301,16~18,臺北市中正區黎明里懷寧路61~90號
444,機車竊盜,1090301,22~24,臺北市中正區東門里林森南路61巷1~30號
445,機車竊盜,1090302,14~16,臺北市大安區復興南路1段155巷(內)
446,機車竊盜,1090303,02~04,臺北市南港區成福里成福路171巷22弄1~30號
447,機車竊盜,1090304,10~12,臺北市中正區重慶南路1段121~150號
448,機車竊盜,1090304,14~16,臺北市大同區長安西路121~150號
449,機車竊盜,1090305,10~12,臺北市中正區建國里(博愛路與貴陽街口人行道)
450,機車竊盜,1090307,10~12,臺北市萬華區昆明街91~120號
451,機車竊盜,1090310,08~10,臺北市大同區寧夏路61~90號
452,機車竊盜,1090313,04~06,臺北市士林區臨溪里至善路2段91~120號
453,機車竊盜,1090313,22~24,臺北市萬華區漢口街2段61~90號
454,機車竊盜,1090314,04~06,臺北市中正區黎明里(館前路與漢口街西南角(機車停車格內))
455,機車竊盜,1090314,08~10,臺北市文山區萬興里026鄰新光路1段95巷1~30號
456,機車竊盜,1090318,00~02,臺北市松山區八德路2段437巷1弄1~30號
457,機車竊盜,1090318,14~16,臺北市內湖區內湖路1段91巷38弄
458,機車竊盜,1090322,16~18,臺北市中山區龍江路301~330號
459,機車竊盜,1090323,22~24,臺北市北投區永和里行義路(龍鳳谷停車場)
460,機車竊盜,1090327,16~18,臺北市大同區敦煌路121~150號
461,機車竊盜,1090331,16~18,臺北市北投區豐年里大業路527巷1~30號
462,機車竊盜,1090404,16~18,臺北市萬華區昆明街61~90號
463,機車竊盜,1090407,00~02,臺北市大同區錦西街(與民權西路102巷口)
464,機車竊盜,1090409,04~06,臺北市士林區社新里中正路661~690號
465,機車竊盜,1090415,02~04,臺北市士林區忠誠路2段41巷31~60號
466,機車竊盜,1090415,20~22,臺北市松山區敦化北路120巷
467,機車竊盜,1090416,04~06,臺北市中正區永功里三元街181~210號
468,機車竊盜,1090418,14~16,臺北市大安區華聲里光復南路200巷1~30號
469,機車竊盜,1090419,20~22,臺北市士林區福林里至善路1段121~150號
470,機車竊盜,1090421,06~08,臺北市萬華區環河南路2段241~270號
471,機車竊盜,1090503,06~08,臺北市大同區迪化街2段364巷
472,機車竊盜,1090506,06~08,臺北市中山區大佳河濱公園停車場內
473,機車竊盜,1090507,00~02,臺北市大安區民輝里忠孝東路3段1~30號
474,機車竊盜,1090507,02~04,臺北市士林區臨溪里至善路2段(劍南路口)
475,機車竊盜,1090509,08~10,臺北市松山區南京東街5段291巷24弄1~30號
476,機車竊盜,1090514,10~12,臺北市士林區中正路631~660號
477,機車竊盜,1090515,02~04,臺北市中山區雙城街與民權東路1段口
478,機車竊盜,1090517,14~16,臺北市士林區大南路241~270號
479,機車竊盜,1090521,20~22,臺北市內湖區潭美街(與安康路106巷口)
480,機車竊盜,1090525,06~08,臺北市北投區大同里北投路2段31~60號
481,機車竊盜,1090529,12~14,臺北市中正區東門里仁愛路2段1~30號
482,機車竊盜,1090530,10~12,臺北市北投區東華街2段1~30號
483,機車竊盜,1090602,06~08,臺北市萬華區(雙園平面停車場機車停放處)
484,機車竊盜,1090603,10~12,臺北市內湖區內湖路1段387巷2弄
485,機車竊盜,1090607,04~06,臺北市中正區忠勤里中華路2段311巷1~30號
486,機車竊盜,1090610,06~08,臺北市大安區和安里信義路3段111巷1~30號
487,機車竊盜,1090612,02~04,臺北市南港區忠孝東路6段278巷1~30號
488,機車竊盜,1090615,08~10,臺北市北投區榮光里石牌路1段166巷1~30號
489,機車竊盜,1090615,12~14,臺北市萬華區富民路145巷31~60號
490,機車竊盜,1090616,08~10,臺北市士林區臨溪里至善路3段336巷1~30號
491,機車竊盜,1090619,04~06,臺北市文山區華興里001鄰試院路154巷3弄(底)
492,機車竊盜,1090624,00~02,臺北市南港區成福里成福路211巷1~30號
493,機車竊盜,1090625,00~02,臺北市北投區清江里中央南路1段225巷1~30號
494,機車竊盜,1090629,16~18,臺北市士林區基河路1~30號
495,機車竊盜,1090702,10~12,臺北市內湖區(內湖路3段59巷1~30號
496,機車竊盜,1090708,08~10,臺北市南港區合成里中坡北路50巷1~30號
497,機車竊盜,1090708,08~10,臺北市大安區和安里信義路3段111巷
498,機車竊盜,1090709,14~16,臺北市北投區立農里立農街1段301~330號
499,機車竊盜,1090713,20~22,臺北市文山區木新里004鄰指南路1段31~60號
500,機車竊盜,1090720,08~10,臺北市萬華區康定路91~120號
501,機車竊盜,1090723,08~10,臺北市內湖區行善路271~300號
502,機車竊盜,1090728,20~22,臺北市信義區五全里永吉路181~210號
503,機車竊盜,1090730,22~24,臺北市內湖區成功路2段426巷1~30號
504,機車竊盜,1090805,10~12,臺北市大同區長安西路與鄭州路143巷口
505,機車竊盜,1090811,16~18,臺北市萬華區3和平西路3段241~270號
506,機車竊盜,1090816,22~24,臺北市萬華區梧州街31~60號
507,機車竊盜,1090819,18~20,臺北市中正區水源里羅斯福路4段24巷1~30號
508,機車竊盜,1090825,18~20,臺北市文山區萬興里003鄰新光路1段151~180號
509,機車竊盜,1090828,00~02,臺北市松山區南京東路5段1~30號
510,機車竊盜,1090831,02~04,臺北市大同區涼州街1~30號
511,機車竊盜,1090903,04~06,臺北市信義區莊敬路451~480號
512,機車竊盜,1090911,20~22,臺北市北投區八仙里中央南路2段181~210號
513,機車竊盜,1090913,08~10,臺北市萬華區大理街121~150號
514,機車竊盜,1090913,14~16,臺北市萬華區大理街151~180號
515,機車竊盜,1090913,22~24,臺北市大同區太原路161巷對面(蓬萊國小旁停車場)
516,機車竊盜,1090915,06~08,臺北市士林區小南街1~30號
517,機車竊盜,1090921,00~02,臺北市南港區舊莊里舊莊街1段211~240號
518,機車竊盜,1090923,20~22,臺北市大安區大學里新生南路3段94巷1~30號
519,機車竊盜,1091006,00~02,臺北市大同區中山北路(市民大道)
520,機車竊盜,1091006,16~18,臺北市南港區合成里市民大道7段241~270號
521,機車竊盜,1091103,18~20,臺北市萬華區東園街28巷
522,機車竊盜,1091104,18~20,臺北市萬華區和平西路3段61~90號
523,機車竊盜,1091107,20~22,臺北市松山區光復南路32巷31~60號
524,機車竊盜,1091108,00~02,臺北市萬華區西寧南路31~60號
525,機車竊盜,1091113,06~08,臺北市中正區愛國里中華路2段61~90號
526,機車竊盜,1091123,00~02,臺北市北投區永和里行義路(龍鳳谷公園機車停放區)
527,機車竊盜,1091125,12~14,臺北市大同區延平北路4段與235巷口
528,機車竊盜,1091130,02~04,臺北市南港區玉成里東新街1~30號
529,機車竊盜,1091207,00~02,臺北市萬華區西園路2段320巷36弄1~30號
530,機車竊盜,1091208,08~10,臺北市中正區建國里(貴陽街與博愛路口)
531,機車竊盜,1091211,00~02,臺北市松山區敦化北路181~210號
532,機車竊盜,1100101,04~06,臺北市信義區六合里信義路5段150巷325弄1 ~ 30號
533,機車竊盜,1100107,10~12,臺北市北投區裕民里東華街1段408巷1 ~ 30號
534,機車竊盜,1100109,19~21,臺北市士林區福林里中正路181 ~ 210號
535,機車竊盜,1100201,06~09,臺北市信義區永吉路120巷80弄永吉路30巷口
536,機車竊盜,1100208,21~24,臺北市大同區重慶北路2段151~180號騎樓
537,機車竊盜,1090809,00~03,臺北市中山區林森北路301~330號
538,機車竊盜,1100209,18~21,臺北市士林區德華里福華路147巷1~30號
539,機車竊盜,1100202,21~24,臺北市文山區萬盛里羅斯福路5段31~60號
540,機車竊盜,1100125,03~06,臺北市萬華區和平西路3段271~300號
541,機車竊盜,1100128,15~18,臺北市大同區承德路3段285巷
542,機車竊盜,1100131,06~09,臺北市信義區松隆路1~30號
543,機車竊盜,1100122,06~09,臺北市萬華區寶興街31~60號
544,機車竊盜,1100215,18~21,臺北市中正區廈門街1~30號
545,機車竊盜,1100218, 06~09,臺北市北投區石牌路1段166巷69弄1~30號
546,機車竊盜,1100126,15~18,臺北市萬華區華中橋下停車場
547,機車竊盜,1100111,06~09,臺北市文山區木新里007鄰指南路1段91~120號1樓前
548,機車竊盜,1100120,21~24,臺北市信義區松信路121~150號前
549,機車竊盜,1091213,00~03,臺北市中正區汀州路3段104巷1~30號
550,機車竊盜,1091223,18~21,臺北市士林區福德里基河路231~260號
551,機車竊盜,1041127,18~21,臺北市大安區通安里安和路2段59巷1~30號
552,機車竊盜,1100126,09~12,臺北市北投區智仁里杏林二路19巷口
553,機車竊盜,1090809,00~03,臺北市中山區林森北路301~330號
554,機車竊盜,1100222,09~12,臺北市文山區興得里興隆路3段112巷4弄31~60號
555,機車竊盜,1100131,00~03,臺北市信義區敦厚里基隆路1段101~130號
556,機車竊盜,1100201,00~03,臺北市南港區南港里南港路1段277巷口
557,機車竊盜,1100208,03~06,臺北市北投區吉慶里承德路7段188巷1~30號
558,機車竊盜,1100308,18~21,臺北市大安區學府里辛亥路3段271~300號
559,機車竊盜,1100309,00~03,臺北市大安區民炤里新生南路1段139巷
560,機車竊盜,1100206,18~21,臺北市信義區松山路與松隆路口
561,機車竊盜,1100306,03~06,臺北市大同區迪化街1段331~360號
562,機車竊盜,1100215,21~24,臺北市大同區鄭州路121~150號
563,機車竊盜,1100305,12~15,臺北市士林區大南路331~360號
564,機車竊盜,1100128,12~15,臺北市中山區中山北路1段121~150號
565,機車竊盜,1091221,12~15,臺北市北投區自強街61~90號
566,機車竊盜,1100323,03~06,臺北市大同區敦煌路1~30號
567,機車竊盜,1100306,03~06,臺北市大同區延平北路3段91~120號
568,機車竊盜,1100315,03~06,臺北市萬華區西園路2段261巷1~30號
569,機車竊盜,1100228,06~09,臺北市內湖區成功路4段182巷8弄1~30號
570,機車竊盜,1100311,03~06,臺北市北投區清江里崇仁路1段61~90號
571,機車竊盜,1100318,00~03,臺北市北投區建民里承德路6段331~360號
572,機車竊盜,1100306,00~03,臺北市北投區榮光里石牌路1段166巷91~120號
573,機車竊盜,1100219,12~15,臺北市內湖區民權東路6段31~60號
574,機車竊盜,1091225,12~15,臺北市士林區福志里雨農路74號B1樓
575,機車竊盜,1100226,06~09,臺北市中正區羅斯福路4段12巷1~30號
576,機車竊盜,1100305,18~21,臺北市北投區八仙里中央南路2段121~150號
577,機車竊盜,1100305,21~24,臺北市士林區天福里天母東路8巷91~120號
578,機車竊盜,1100220,18~21,臺北市大同區鄭州路31~60號
579,機車竊盜,1100320,15~18,臺北市中正區光復里延平南路61~90號
580,機車竊盜,1100126,15~18,臺北市中正區中山北路1段31~60號
581,機車竊盜,1100304,15~18,臺北市中山區雙城街10巷內
582,機車竊盜,1100304,15~18,臺北市中山區德惠街170巷5號1樓前
583,機車竊盜,1100208,15~18,臺北市萬華區青年路168巷2弄31~60號
584,機車竊盜,1100401,00~03,臺北市南港區南港捷運站外2號出口
585,機車竊盜,1100305,03~06,臺北市中山區德惠街170巷5號對面
586,機車竊盜,1100306,03~06,臺北市北投區八仙里崇仁路1段151~180號
587,機車竊盜,1100306,00~03,臺北市北投區文林里自強街31~60號
588,機車竊盜,1080312,18~21,臺北市萬華區漢口街2段54號B1樓
589,機車竊盜,1100407,12~15,臺北市文山區華興里019鄰富山路1巷口
590,機車竊盜,1100415,09~12,臺北市萬華區堤外便道往市民大道方向
591,機車竊盜,1100404,15~18,臺北市信義區大仁里林口街38巷福德街84巷口
592,機車竊盜,1100421,15~18,臺北市士林區三玉里士東路181~210號
593,機車竊盜,1100422,06~09,臺北市南港區九如里研究院路3段245號前(中華科技大學機車停車場)
594,機車竊盜,1100216,18~21,臺北市信義區正和里光復南路443巷8號前
595,機車竊盜,1100423,18~21,臺北市萬華區富民路145巷15弄31~60號
